id;title;content;created_by;created_date;last_modified_by;last_modified_date
1;technologies Computer;hack Tasty internet;index;2023-08-12T17:15:58;Ergonomic;2023-08-13T04:27:13
2;Ball Account;card systems;synthesizing;2023-08-13T10:52:12;platforms Platinum;2023-08-13T07:18:14
3;auxiliary Account;Personal;Lithuanian pixel e-services;2023-08-13T07:44:14;cohesive;2023-08-12T21:37:59
4;Kenyan Borders;Soft Reverse-engineered;e-business;2023-08-12T20:12:14;District;2023-08-12T17:36:02
5;contextually-based interfaces;Fresh;Bedfordshire bus;2023-08-13T07:38:22;multimedia multimedia;2023-08-12T13:30:22
6;Won magnetic;Inlet program;Customer PNG;2023-08-13T11:26:42;stable RAM;2023-08-13T05:10:22
7;Integration;static;back-end communities;2023-08-12T13:06:52;Specialist capacitor Card;2023-08-12T15:46:01
8;Concrete Cove Chips;override;Way Soft;2023-08-13T12:11:50;Keyboard;2023-08-12T18:18:52
9;Curve;Ergonomic Liaison secondary;PNG;2023-08-13T03:59:28;Handmade reciprocal;2023-08-12T21:44:06
10;Illinois superstructure online;withdrawal deposit throughput;collaborative;2023-08-13T10:16:58;Assimilated;2023-08-12T14:09:04
