id;day_info;week_info;month_info;total_info;created_by;created_date;last_modified_by;last_modified_date
1;Investment orange Marshall;Intelligent;microchip background multi-byte;Montenegro Trail parsing;24/365 Handmade;2023-08-12T18:43:13;bus;2023-08-12T20:55:25
2;Borders Granite wireless;Secured Montenegro;Technician Rustic Toys;Extensions quantify;Car;2023-08-12T13:14:10;Michigan Oval;2023-08-12T20:58:09
3;Response;vertical firmware;Mouse;Plastic GB Bhutan;Representative system;2023-08-13T04:25:54;Roads Buckinghamshire;2023-08-13T08:59:23
4;Assistant;Cambridgeshire;productize Guarani Movies;emulation Pierre;value-added utilize;2023-08-13T00:13:25;Rustic value-added task-force;2023-08-12T16:51:37
5;Congolese;solutions;Function-based;Hat payment software;Isle Books Bedfordshire;2023-08-12T16:11:07;Intelligent copy;2023-08-13T12:23:18
6;US;Toys;Bedfordshire;GB;FTP withdrawal transmitter;2023-08-12T14:53:49;neutral web-readiness;2023-08-13T02:29:47
7;connecting 24/7;Cayman hack;Granite generate;Grocery Principal;Ergonomic Practical AI;2023-08-13T03:53:16;overriding Response online;2023-08-13T01:48:48
8;Club Personal deposit;Rubber Steel Station;supply-chains efficient primary;pink;deposit up;2023-08-12T20:59:51;invoice transmit;2023-08-12T23:02:11
9;Distributed;Gloves;Ways Applications Florida;Baht;Internal Home Brand;2023-08-13T06:48:09;Soap;2023-08-12T14:07:31
10;salmon Officer;Bedfordshire visualize multi-byte;Bacon Borders;Bhutan payment online;SSL front-end Illinois;2023-08-12T23:25:46;Practical Intelligent;2023-08-12T15:09:25
